{
  "data": {
    "environment": "AzureCloud",
    "subscriptionId": "0eb49d19-cb9e-43b2-90e0-ec9298d36203",
    "subscriptionName": "Microsoft Azure Internal Consumption",
    "scopeLevel": "Subscription"
  },
  "name": "aissync-sp",
  "type": "azurerm",
  "url": "https://management.azure.com/",
  "authorization": {
    "parameters": {
      "tenantId": "72f988bf-86f1-41af-91ab-2d7cd011db47",
      "servicePrincipalId": "5ef5a4da-c1dc-488d-b994-25ec331d216b",
      "authenticationType": "spnKey",
      "servicePrincipalKey": "spnKey"
    },
    "scheme": "ServicePrincipal"
  },
  "isShared": false,
  "isReady": true,
  "owner": "Library"
}