{
  "source": "userInterface",
  "revision": 44,
  "description": null,
  "createdBy": "{}",
  "createdOn": "",
  "modifiedBy": "{}",
  "modifiedOn": "",
  "isDeleted": false,
  "lastRelease": {
    "id": 33,
    "name": "Release-33",
    "artifacts": [],
    "_links": {},
    "description": "Triggered by Build AIS shared resources-CI 115.",
    "releaseDefinition": {
      "id": 1,
      "projectReference": null,
      "_links": {}
    },
    "createdOn": "2020-10-05T10:11:08.59Z",
    "createdBy": {
      "displayName": "Microsoft.VisualStudio.Services.TFS",
      "url": "https://spsprodcus2.vssps.visualstudio.com/Aab3e7ea3-a025-4df5-ac30-c880cc2e2e3b/_apis/Identities/00000002-0000-8888-8000-000000000000",
      "_links": {
        "avatar": {
          "href": "https://dev.azure.com/pavander/_apis/GraphProfile/MemberAvatars/s2s.MDAwMDAwMDItMDAwMC04ODg4LTgwMDAtMDAwMDAwMDAwMDAwQDJjODk1OTA4LTA0ZTAtNDk1Mi04OWZkLTU0YjAwNDZkNjI4OA"
        }
      },
      "id": "00000002-0000-8888-8000-000000000000",
      "uniqueName": "00000002-0000-8888-8000-000000000000@2c895908-04e0-4952-89fd-54b0046d6288",
      "imageUrl": "https://dev.azure.com/pavander/_apis/GraphProfile/MemberAvatars/s2s.MDAwMDAwMDItMDAwMC04ODg4LTgwMDAtMDAwMDAwMDAwMDAwQDJjODk1OTA4LTA0ZTAtNDk1Mi04OWZkLTU0YjAwNDZkNjI4OA",
      "descriptor": "s2s.MDAwMDAwMDItMDAwMC04ODg4LTgwMDAtMDAwMDAwMDAwMDAwQDJjODk1OTA4LTA0ZTAtNDk1Mi04OWZkLTU0YjAwNDZkNjI4OA"
    }
  },
  "variables": {
    "API_NAME": {
      "value": "SyncPatAPI"
    },
    "API_OPERATION": {
      "value": "getCustomers"
    },
    "API_PATH": {
      "value": "syncpatapi"
    },
    "COSMOSCON": {
      "value": "customer-con"
    },
    "GET_LA_BASEURL": {
      "value": ""
    },
    "GET_LA_NAME": {
      "value": "aissync-get-la"
    },
    "GET_LA_URLPATH": {
      "value": ""
    },
    "LOCATION_LOGICAPPS": {
      "value": "westeurope"
    },
    "RESOURCEGROUP_LOGICAPPS": {
      "value": "aissyncpat-rg"
    }
  },
  "variableGroups": [
    "$Environments$"
  ],
  "environments": [
    {
      "id": 1,
      "name": "Development",
      "rank": 1,
      "owner": {
        "displayName": "$OwnerDisplayName$",
        "url": "",
        "_links": "{}",
        "id": "$OwnerId$",
        "uniqueName": "$OwnerUniqueName$",
        "imageUrl": "",
        "descriptor": ""
      },
      "variables": {},
      "variableGroups": [
        "$Key Vault Secrets Environment 1$"
      ],
      "preDeployApprovals": {
        "approvals": [
          {
            "rank": 1,
            "isAutomated": true,
            "isNotificationOn": false,
            "id": 13
          }
        ],
        "approvalOptions": {
          "requiredApproverCount": null,
          "releaseCreatorCanBeApprover": false,
          "autoTriggeredAndPreviousEnvironmentApprovedCanBeSkipped": false,
          "enforceIdentityRevalidation": false,
          "timeoutInMinutes": 0,
          "executionOrder": "beforeGates"
        }
      },
      "deployStep": {
        "id": 2
      },
      "postDeployApprovals": {
        "approvals": [
          {
            "rank": 1,
            "isAutomated": true,
            "isNotificationOn": false,
            "id": 3
          }
        ],
        "approvalOptions": {
          "requiredApproverCount": null,
          "releaseCreatorCanBeApprover": false,
          "autoTriggeredAndPreviousEnvironmentApprovedCanBeSkipped": false,
          "enforceIdentityRevalidation": false,
          "timeoutInMinutes": 0,
          "executionOrder": "afterSuccessfulGates"
        }
      },
      "deployPhases": [
        {
          "deploymentInput": {
            "parallelExecution": {
              "parallelExecutionType": "none"
            },
            "agentSpecification": {
              "identifier": "vs2017-win2016"
            },
            "skipArtifactsDownload": false,
            "artifactsDownloadInput": {
              "downloadInputs": [
                {
                  "alias": "_Build Azure Integration Services shared resources-CI",
                  "artifactType": "Build",
                  "artifactDownloadMode": "All",
                  "artifactItems": []
                }
              ]
            },
            "queueId": "$Azure Pipelines$",
            "demands": [],
            "enableAccessToken": false,
            "timeoutInMinutes": 0,
            "jobCancelTimeoutInMinutes": 1,
            "condition": "succeeded()",
            "overrideInputs": {}
          },
          "rank": 1,
          "phaseType": "agentBasedDeployment",
          "name": "Agent job",
          "refName": null,
          "workflowTasks": [
            {
              "environment": {},
              "taskId": "5bfb729a-a7c8-4a78-a7c3-8d717bb7c13c",
              "version": "2.*",
              "name": "Copy Files to Agent",
              "refName": "",
              "enabled": true,
              "alwaysRun": false,
              "continueOnError": false,
              "timeoutInMinutes": 0,
              "definitionType": "task",
              "overrideInputs": {},
              "condition": "succeeded()",
              "inputs": {
                "SourceFolder": "$(System.DefaultWorkingDirectory)/_Build Azure Integration Services shared resources-CI/drop",
                "Contents": "**",
                "TargetFolder": "$(agent.builddirectory)",
                "CleanTargetFolder": "false",
                "OverWrite": "false",
                "flattenFolders": "false",
                "preserveTimestamp": "false"
              }
            },
            {
              "environment": {},
              "taskId": "94a74903-f93f-4075-884f-dc11f34058b4",
              "version": "3.*",
              "name": "Azure Deployment: Create Or Update Resource Group action on sync Pattern",
              "refName": "",
              "enabled": true,
              "alwaysRun": false,
              "continueOnError": false,
              "timeoutInMinutes": 0,
              "definitionType": "task",
              "overrideInputs": {},
              "condition": "succeeded()",
              "inputs": {
                "deploymentScope": "Resource Group",
                "ConnectedServiceName": "",
                "subscriptionName": "",
                "action": "Create Or Update Resource Group",
                "resourceGroupName": "$(ENV1)$(RESOURCEGROUP_LOGICAPPS)",
                "location": "$(LOCATION_LOGICAPPS)",
                "templateLocation": "Linked artifact",
                "csmFileLink": "",
                "csmParametersFileLink": "",
                "csmFile": "$(agent.builddirectory)/deploy/azuredeploy_logicapps.json",
                "csmParametersFile": "$(agent.builddirectory)/deploy/azuredeploy_logicapps.parameters.json",
                "overrideParameters": "-logicAppName $(ENV1)$(GET_LA_NAME) -logicAppLocation $(LOCATION_LOGICAPPS) -diagnosticSettings_resourceGroupName $(ENV1)$(RESOURCEGROUP_SHARED) -diagnosticSettings_workspaceName $(ENV1)$(LOGANALYTICS) -documentdb_1_Connection_DisplayName $(ENV1)$(COSMOSACC) -documentdb_1_databaseAccount $(ENV1)$(COSMOSACC) -documentdb_1_databaseName $(ENV1)$(COSMOSDB) -documentdb_1_containerName $(COSMOSCON) -documentdb_1_accessKey $(aissharedcosmosdb)",
                "deploymentMode": "Incremental",
                "deploymentName": "",
                "deploymentOutputs": "",
                "addSpnToEnvironment": "false"
              }
            },
            {
              "environment": {},
              "taskId": "72a1931b-effb-4d2e-8fd8-f8472a07cb62",
              "version": "5.*",
              "name": "Azure PowerShell script: Set Callback URL from Logic App",
              "refName": "",
              "enabled": true,
              "alwaysRun": false,
              "continueOnError": false,
              "timeoutInMinutes": 0,
              "definitionType": "task",
              "overrideInputs": {},
              "condition": "succeeded()",
              "inputs": {
                "ConnectedServiceNameARM": "",
                "ScriptType": "InlineScript",
                "ScriptPath": "",
                "Inline": "$rg = \"$env:ENV1\" + \"$env:RESOURCEGROUP_LOGICAPPS\"\n$la = \"$env:ENV1\"+\"$env:GET_LA_NAME\"\n$fullurl = Get-AzLogicAppTriggerCallbackUrl -ResourceGroupName $rg -Name $la -TriggerName \"manual\" | Select -First 1 -ExpandProperty Value\n$baseurl = Get-AzLogicAppTriggerCallbackUrl -ResourceGroupName $rg -Name $la -TriggerName \"manual\" | Select -First 1 -ExpandProperty BasePath\n$urlpath = Get-AzLogicAppTriggerCallbackUrl -ResourceGroupName $rg -Name $la -TriggerName \"manual\" | Select -First 1 -ExpandProperty Value\n$urlpath = $urlpath.Substring($fullurl.Length-$baseurl.Length-21,$baseurl.Length+21)\n$urlpath = [System.Security.SecurityElement]::Escape($urlpath)\n$urlpath = $urlpath -replace \"%2F\", \"/\"\n$baseurl = $baseurl -replace \"/manual/paths/invoke\", \"\"\nWrite-Host \"##vso[task.setvariable variable=GET_LA_URLPATH;]$urlpath\"\nWrite-Host \"##vso[task.setvariable variable=GET_LA_BASEURL;]$baseurl\"\nWrite-Host \"Logic App URL Path ($urlpath)\"\nWrite-Host \"Logic App Base URL ($baseurl)\"\nWrite-Host \"Logic App Full URL ($fullurl)\"",
                "ScriptArguments": "",
                "errorActionPreference": "stop",
                "FailOnStandardError": "false",
                "TargetAzurePs": "LatestVersion",
                "CustomTargetAzurePs": "",
                "pwsh": "false",
                "workingDirectory": ""
              }
            },
            {
              "environment": {},
              "taskId": "72a1931b-effb-4d2e-8fd8-f8472a07cb62",
              "version": "5.*",
              "name": "Azure PowerShell script: Check variable settings",
              "refName": "",
              "enabled": true,
              "alwaysRun": false,
              "continueOnError": false,
              "timeoutInMinutes": 0,
              "definitionType": "task",
              "overrideInputs": {},
              "condition": "succeeded()",
              "inputs": {
                "ConnectedServiceNameARM": "",
                "ScriptType": "InlineScript",
                "ScriptPath": "",
                "Inline": "Write-Host \"Set environment variable URLNAME to ($env:GET_LA_NAME)\"\nWrite-Host \"Set environment variable URLPATH to ($env:GET_LA_URLPATH)\"\nWrite-Host \"Set environment variable BASEURL to ($env:GET_LA_BASEURL)\"",
                "ScriptArguments": "",
                "errorActionPreference": "stop",
                "FailOnStandardError": "false",
                "TargetAzurePs": "LatestVersion",
                "CustomTargetAzurePs": "",
                "pwsh": "false",
                "workingDirectory": ""
              }
            },
            {
              "environment": {},
              "taskId": "94a74903-f93f-4075-884f-dc11f34058b4",
              "version": "3.*",
              "name": "Azure Deployment: Create Or Update Resource Group action on sync Pattern (APIM)",
              "refName": "",
              "enabled": true,
              "alwaysRun": false,
              "continueOnError": false,
              "timeoutInMinutes": 0,
              "definitionType": "task",
              "overrideInputs": {},
              "condition": "succeeded()",
              "inputs": {
                "deploymentScope": "Resource Group",
                "ConnectedServiceName": "",
                "subscriptionName": "",
                "action": "Create Or Update Resource Group",
                "resourceGroupName": "$(ENV1)$(RESOURCEGROUP_SHARED)",
                "location": "$(LOCATION_SHARED)",
                "templateLocation": "Linked artifact",
                "csmFileLink": "",
                "csmParametersFileLink": "",
                "csmFile": "$(agent.builddirectory)/deploy/azuredeploy_api.json",
                "csmParametersFile": "",
                "overrideParameters": "-ApimServiceName $(ENV1)$(APIM) -ApiName $(API_NAME) -ApiOperation $(API_OPERATION) -ApiPath $(API_PATH) -BackendServiceURLPath $(GET_LA_URLPATH) -BackendServiceBaseURL $(GET_LA_BASEURL) -logicAppName $(ENV1)$(GET_LA_NAME) -ApimResourceGroup $(ENV1)$(RESOURCEGROUP_SHARED) -ApplicationInsightsName $(ENV1)$(APPINSIGHTS)",
                "deploymentMode": "Incremental",
                "deploymentName": "",
                "deploymentOutputs": "",
                "addSpnToEnvironment": "false"
              }
            },
            {
              "environment": {},
              "taskId": "94a74903-f93f-4075-884f-dc11f34058b4",
              "version": "3.*",
              "name": "Azure Deployment: Create Or Update Resource Group action on httpbin API (APIM)",
              "refName": "",
              "enabled": true,
              "alwaysRun": false,
              "continueOnError": false,
              "timeoutInMinutes": 0,
              "definitionType": "task",
              "overrideInputs": {},
              "condition": "succeeded()",
              "inputs": {
                "deploymentScope": "Resource Group",
                "ConnectedServiceName": "",
                "subscriptionName": "",
                "action": "Create Or Update Resource Group",
                "resourceGroupName": "$(ENV1)$(RESOURCEGROUP_SHARED)",
                "location": "$(LOCATION_SHARED)",
                "templateLocation": "Linked artifact",
                "csmFileLink": "",
                "csmParametersFileLink": "",
                "csmFile": "$(agent.builddirectory)/deploy/azuredeploy_httpbin.api.json",
                "csmParametersFile": "",
                "overrideParameters": "-ApimServiceName $(ENV1)$(APIM) -ApimResourceGroup $(ENV1)$(RESOURCEGROUP_SHARED) -ApplicationInsightsName $(ENV1)$(APPINSIGHTS)",
                "deploymentMode": "Incremental",
                "deploymentName": "",
                "deploymentOutputs": "",
                "addSpnToEnvironment": "false"
              }
            }
          ]
        }
      ],
      "environmentOptions": {
        "emailNotificationType": "OnlyOnFailure",
        "emailRecipients": "release.environment.owner;release.creator",
        "skipArtifactsDownload": false,
        "timeoutInMinutes": 0,
        "enableAccessToken": false,
        "publishDeploymentStatus": true,
        "badgeEnabled": false,
        "autoLinkWorkItems": false,
        "pullRequestDeploymentEnabled": false
      },
      "demands": [],
      "conditions": [
        {
          "name": "ReleaseStarted",
          "conditionType": "event",
          "value": ""
        }
      ],
      "executionPolicy": {
        "concurrencyCount": 1,
        "queueDepthCount": 0
      },
      "schedules": [],
      "currentRelease": {
        "id": 33,
        "url": "https://vsrm.dev.azure.com/pavander/ce119afa-4ebc-4acd-903e-4a3f4dc4223f/_apis/Release/releases/33",
        "_links": {}
      },
      "retentionPolicy": {
        "daysToKeep": 30,
        "releasesToKeep": 3,
        "retainBuild": true
      },
      "processParameters": {},
      "properties": {
        "BoardsEnvironmentType": {
          "$type": "System.String",
          "$value": "unmapped"
        },
        "LinkBoardsWorkItems": {
          "$type": "System.String",
          "$value": "False"
        }
      },
      "preDeploymentGates": {
        "id": 0,
        "gatesOptions": null,
        "gates": []
      },
      "postDeploymentGates": {
        "id": 0,
        "gatesOptions": null,
        "gates": []
      },
      "environmentTriggers": [],
      "badgeUrl": ""
    },
    {
      "id": 2,
      "name": "Staging",
      "rank": 2,
      "owner": {
        "displayName": "$OwnerDisplayName$",
        "url": "",
        "_links": "{}",
        "id": "$OwnerId$",
        "uniqueName": "$OwnerUniqueName$",
        "imageUrl": "",
        "descriptor": ""
      },
      "variables": {},
      "variableGroups": [
        "$Key Vault Secrets Environment 2$"
      ],
      "preDeployApprovals": {
        "approvals": [
          {
            "rank": 1,
            "isAutomated": true,
            "isNotificationOn": false,
            "id": 13
          }
        ],
        "approvalOptions": {
          "requiredApproverCount": null,
          "releaseCreatorCanBeApprover": false,
          "autoTriggeredAndPreviousEnvironmentApprovedCanBeSkipped": false,
          "enforceIdentityRevalidation": false,
          "timeoutInMinutes": 0,
          "executionOrder": "beforeGates"
        }
      },
      "deployStep": {
        "id": 7
      },
      "postDeployApprovals": {
        "approvals": [
          {
            "rank": 1,
            "isAutomated": true,
            "isNotificationOn": false,
            "id": 8
          }
        ],
        "approvalOptions": {
          "requiredApproverCount": null,
          "releaseCreatorCanBeApprover": false,
          "autoTriggeredAndPreviousEnvironmentApprovedCanBeSkipped": false,
          "enforceIdentityRevalidation": false,
          "timeoutInMinutes": 0,
          "executionOrder": "afterSuccessfulGates"
        }
      },
      "deployPhases": [
        {
          "deploymentInput": {
            "parallelExecution": {
              "parallelExecutionType": "none"
            },
            "agentSpecification": {
              "identifier": "vs2017-win2016"
            },
            "skipArtifactsDownload": false,
            "artifactsDownloadInput": {
              "downloadInputs": []
            },
            "queueId": "$Azure Pipelines$",
            "demands": [],
            "enableAccessToken": false,
            "timeoutInMinutes": 0,
            "jobCancelTimeoutInMinutes": 1,
            "condition": "succeeded()",
            "overrideInputs": {}
          },
          "rank": 1,
          "phaseType": "agentBasedDeployment",
          "name": "Agent job",
          "refName": null,
          "workflowTasks": [
            {
              "environment": {},
              "taskId": "5bfb729a-a7c8-4a78-a7c3-8d717bb7c13c",
              "version": "2.*",
              "name": "Copy Files to Agent",
              "refName": "",
              "enabled": true,
              "alwaysRun": false,
              "continueOnError": false,
              "timeoutInMinutes": 0,
              "definitionType": "task",
              "overrideInputs": {},
              "condition": "succeeded()",
              "inputs": {
                "SourceFolder": "$(System.DefaultWorkingDirectory)/_Build Azure Integration Services shared resources-CI/drop",
                "Contents": "**",
                "TargetFolder": "$(agent.builddirectory)",
                "CleanTargetFolder": "false",
                "OverWrite": "false",
                "flattenFolders": "false",
                "preserveTimestamp": "false"
              }
            },
            {
              "environment": {},
              "taskId": "94a74903-f93f-4075-884f-dc11f34058b4",
              "version": "3.*",
              "name": "Azure Deployment: Create Or Update Resource Group action on sync Pattern",
              "refName": "",
              "enabled": true,
              "alwaysRun": false,
              "continueOnError": false,
              "timeoutInMinutes": 0,
              "definitionType": "task",
              "overrideInputs": {},
              "condition": "succeeded()",
              "inputs": {
                "deploymentScope": "Resource Group",
                "ConnectedServiceName": "",
                "subscriptionName": "",
                "action": "Create Or Update Resource Group",
                "resourceGroupName": "$(ENV2)$(RESOURCEGROUP_LOGICAPPS)",
                "location": "$(LOCATION_LOGICAPPS)",
                "templateLocation": "Linked artifact",
                "csmFileLink": "",
                "csmParametersFileLink": "",
                "csmFile": "$(agent.builddirectory)/deploy/azuredeploy_logicapps.json",
                "csmParametersFile": "$(agent.builddirectory)/deploy/azuredeploy_logicapps.parameters.json",
                "overrideParameters": "-logicAppName $(ENV2)$(GET_LA_NAME) -logicAppLocation $(LOCATION_LOGICAPPS) -diagnosticSettings_resourceGroupName $(ENV2)$(RESOURCEGROUP_SHARED) -diagnosticSettings_workspaceName $(ENV2)$(LOGANALYTICS) -documentdb_1_Connection_DisplayName $(ENV2)$(COSMOSACC) -documentdb_1_databaseAccount $(ENV2)$(COSMOSACC) -documentdb_1_databaseName $(ENV2)$(COSMOSDB) -documentdb_1_containerName $(COSMOSCON) -documentdb_1_accessKey $(aissharedcosmosdb)",
                "deploymentMode": "Incremental",
                "deploymentName": "",
                "deploymentOutputs": "",
                "addSpnToEnvironment": "false"
              }
            },
            {
              "environment": {},
              "taskId": "72a1931b-effb-4d2e-8fd8-f8472a07cb62",
              "version": "5.*",
              "name": "Azure PowerShell script: Set Callback URL from Logic App",
              "refName": "",
              "enabled": true,
              "alwaysRun": false,
              "continueOnError": false,
              "timeoutInMinutes": 0,
              "definitionType": "task",
              "overrideInputs": {},
              "condition": "succeeded()",
              "inputs": {
                "ConnectedServiceNameARM": "",
                "ScriptType": "InlineScript",
                "ScriptPath": "",
                "Inline": "$rg = \"$env:ENV2\" + \"$env:RESOURCEGROUP_LOGICAPPS\"\n$la = \"$env:ENV2\"+\"$env:GET_LA_NAME\"\n$fullurl = Get-AzLogicAppTriggerCallbackUrl -ResourceGroupName $rg -Name $la -TriggerName \"manual\" | Select -First 1 -ExpandProperty Value\n$baseurl = Get-AzLogicAppTriggerCallbackUrl -ResourceGroupName $rg -Name $la -TriggerName \"manual\" | Select -First 1 -ExpandProperty BasePath\n$urlpath = Get-AzLogicAppTriggerCallbackUrl -ResourceGroupName $rg -Name $la -TriggerName \"manual\" | Select -First 1 -ExpandProperty Value\n$urlpath = $urlpath.Substring($fullurl.Length-$baseurl.Length-21,$baseurl.Length+21)\n$urlpath = [System.Security.SecurityElement]::Escape($urlpath)\n$urlpath = $urlpath -replace \"%2F\", \"/\"\n$baseurl = $baseurl -replace \"/manual/paths/invoke\", \"\"\nWrite-Host \"##vso[task.setvariable variable=GET_LA_URLPATH;]$urlpath\"\nWrite-Host \"##vso[task.setvariable variable=GET_LA_BASEURL;]$baseurl\"\nWrite-Host \"Logic App URL Path ($urlpath)\"\nWrite-Host \"Logic App Base URL ($baseurl)\"\nWrite-Host \"Logic App Full URL ($fullurl)\"",
                "ScriptArguments": "",
                "errorActionPreference": "stop",
                "FailOnStandardError": "false",
                "TargetAzurePs": "LatestVersion",
                "CustomTargetAzurePs": "",
                "pwsh": "false",
                "workingDirectory": ""
              }
            },
            {
              "environment": {},
              "taskId": "72a1931b-effb-4d2e-8fd8-f8472a07cb62",
              "version": "5.*",
              "name": "Azure PowerShell script: Check variable settings",
              "refName": "",
              "enabled": true,
              "alwaysRun": false,
              "continueOnError": false,
              "timeoutInMinutes": 0,
              "definitionType": "task",
              "overrideInputs": {},
              "condition": "succeeded()",
              "inputs": {
                "ConnectedServiceNameARM": "",
                "ScriptType": "InlineScript",
                "ScriptPath": "",
                "Inline": "Write-Host \"Set environment variable URLNAME to ($env:GET_LA_NAME)\"\nWrite-Host \"Set environment variable URLPATH to ($env:GET_LA_URLPATH)\"\nWrite-Host \"Set environment variable BASEURL to ($env:GET_LA_BASEURL)\"",
                "ScriptArguments": "",
                "errorActionPreference": "stop",
                "FailOnStandardError": "false",
                "TargetAzurePs": "LatestVersion",
                "CustomTargetAzurePs": "",
                "pwsh": "false",
                "workingDirectory": ""
              }
            },
            {
              "environment": {},
              "taskId": "94a74903-f93f-4075-884f-dc11f34058b4",
              "version": "3.*",
              "name": "Azure Deployment: Create Or Update Resource Group action on sync Pattern (APIM)",
              "refName": "",
              "enabled": true,
              "alwaysRun": false,
              "continueOnError": false,
              "timeoutInMinutes": 0,
              "definitionType": "task",
              "overrideInputs": {},
              "condition": "succeeded()",
              "inputs": {
                "deploymentScope": "Resource Group",
                "ConnectedServiceName": "",
                "subscriptionName": "",
                "action": "Create Or Update Resource Group",
                "resourceGroupName": "$(ENV2)$(RESOURCEGROUP_SHARED)",
                "location": "$(LOCATION_SHARED)",
                "templateLocation": "Linked artifact",
                "csmFileLink": "",
                "csmParametersFileLink": "",
                "csmFile": "$(agent.builddirectory)/deploy/azuredeploy_api.json",
                "csmParametersFile": "",
                "overrideParameters": "-ApimServiceName $(ENV2)$(APIM) -ApiName $(API_NAME) -ApiOperation $(API_OPERATION) -ApiPath $(API_PATH) -BackendServiceURLPath $(GET_LA_URLPATH) -BackendServiceBaseURL $(GET_LA_BASEURL) -logicAppName $(ENV2)$(GET_LA_NAME) -ApimResourceGroup $(ENV2)$(RESOURCEGROUP_SHARED) -ApplicationInsightsName $(ENV2)$(APPINSIGHTS)",
                "deploymentMode": "Incremental",
                "deploymentName": "",
                "deploymentOutputs": "",
                "addSpnToEnvironment": "false"
              }
            },
            {
              "environment": {},
              "taskId": "94a74903-f93f-4075-884f-dc11f34058b4",
              "version": "3.*",
              "name": "Azure Deployment: Create Or Update Resource Group action on httpbin API (APIM)",
              "refName": "",
              "enabled": true,
              "alwaysRun": false,
              "continueOnError": false,
              "timeoutInMinutes": 0,
              "definitionType": "task",
              "overrideInputs": {},
              "condition": "succeeded()",
              "inputs": {
                "deploymentScope": "Resource Group",
                "ConnectedServiceName": "",
                "subscriptionName": "",
                "action": "Create Or Update Resource Group",
                "resourceGroupName": "$(ENV2)$(RESOURCEGROUP_SHARED)",
                "location": "$(LOCATION_SHARED)",
                "templateLocation": "Linked artifact",
                "csmFileLink": "",
                "csmParametersFileLink": "",
                "csmFile": "$(agent.builddirectory)/deploy/azuredeploy_httpbin.api.json",
                "csmParametersFile": "",
                "overrideParameters": "-ApimServiceName $(ENV2)$(APIM) -ApimResourceGroup $(ENV2)$(RESOURCEGROUP_SHARED) -ApplicationInsightsName $(ENV2)$(APPINSIGHTS)",
                "deploymentMode": "Incremental",
                "deploymentName": "",
                "deploymentOutputs": "",
                "addSpnToEnvironment": "false"
              }
            }
          ]
        }
      ],
      "environmentOptions": {
        "emailNotificationType": "OnlyOnFailure",
        "emailRecipients": "release.environment.owner;release.creator",
        "skipArtifactsDownload": false,
        "timeoutInMinutes": 0,
        "enableAccessToken": false,
        "publishDeploymentStatus": true,
        "badgeEnabled": false,
        "autoLinkWorkItems": false,
        "pullRequestDeploymentEnabled": false
      },
      "demands": [],
      "conditions": [
        {
          "name": "Development",
          "conditionType": "environmentState",
          "value": "4"
        }
      ],
      "executionPolicy": {
        "concurrencyCount": 1,
        "queueDepthCount": 0
      },
      "schedules": [],
      "currentRelease": {
        "id": 33,
        "url": "https://vsrm.dev.azure.com/pavander/ce119afa-4ebc-4acd-903e-4a3f4dc4223f/_apis/Release/releases/33",
        "_links": {}
      },
      "retentionPolicy": {
        "daysToKeep": 30,
        "releasesToKeep": 3,
        "retainBuild": true
      },
      "processParameters": {},
      "properties": {
        "BoardsEnvironmentType": {
          "$type": "System.String",
          "$value": "unmapped"
        },
        "LinkBoardsWorkItems": {
          "$type": "System.String",
          "$value": "False"
        }
      },
      "preDeploymentGates": {
        "id": 0,
        "gatesOptions": null,
        "gates": []
      },
      "postDeploymentGates": {
        "id": 0,
        "gatesOptions": null,
        "gates": []
      },
      "environmentTriggers": [],
      "badgeUrl": ""
    },
    {
      "id": 3,
      "name": "Production",
      "rank": 3,
      "owner": {
        "displayName": "$OwnerDisplayName$",
        "url": "",
        "_links": "{}",
        "id": "$OwnerId$",
        "uniqueName": "$OwnerUniqueName$",
        "imageUrl": "",
        "descriptor": ""
      },
      "variables": {},
      "variableGroups": [
        "$Key Vault Secrets Environment 3$"
      ],
      "preDeployApprovals": {
        "approvals": [
          {
            "rank": 1,
            "isAutomated": true,
            "isNotificationOn": false,
            "id": 13
          }
        ],
        "approvalOptions": {
          "requiredApproverCount": null,
          "releaseCreatorCanBeApprover": false,
          "autoTriggeredAndPreviousEnvironmentApprovedCanBeSkipped": false,
          "enforceIdentityRevalidation": false,
          "timeoutInMinutes": 0,
          "executionOrder": "beforeGates"
        }
      },
      "deployStep": {
        "id": 6
      },
      "postDeployApprovals": {
        "approvals": [
          {
            "rank": 1,
            "isAutomated": true,
            "isNotificationOn": false,
            "id": 9
          }
        ],
        "approvalOptions": {
          "requiredApproverCount": null,
          "releaseCreatorCanBeApprover": false,
          "autoTriggeredAndPreviousEnvironmentApprovedCanBeSkipped": false,
          "enforceIdentityRevalidation": false,
          "timeoutInMinutes": 0,
          "executionOrder": "afterSuccessfulGates"
        }
      },
      "deployPhases": [
        {
          "deploymentInput": {
            "parallelExecution": {
              "parallelExecutionType": "none"
            },
            "agentSpecification": {
              "identifier": "vs2017-win2016"
            },
            "skipArtifactsDownload": false,
            "artifactsDownloadInput": {
              "downloadInputs": []
            },
            "queueId": "$Azure Pipelines$",
            "demands": [],
            "enableAccessToken": false,
            "timeoutInMinutes": 0,
            "jobCancelTimeoutInMinutes": 1,
            "condition": "succeeded()",
            "overrideInputs": {}
          },
          "rank": 1,
          "phaseType": "agentBasedDeployment",
          "name": "Agent job",
          "refName": null,
          "workflowTasks": [
            {
              "environment": {},
              "taskId": "5bfb729a-a7c8-4a78-a7c3-8d717bb7c13c",
              "version": "2.*",
              "name": "Copy Files to Agent",
              "refName": "",
              "enabled": true,
              "alwaysRun": false,
              "continueOnError": false,
              "timeoutInMinutes": 0,
              "definitionType": "task",
              "overrideInputs": {},
              "condition": "succeeded()",
              "inputs": {
                "SourceFolder": "$(System.DefaultWorkingDirectory)/_Build Azure Integration Services shared resources-CI/drop",
                "Contents": "**",
                "TargetFolder": "$(agent.builddirectory)",
                "CleanTargetFolder": "false",
                "OverWrite": "false",
                "flattenFolders": "false",
                "preserveTimestamp": "false"
              }
            },
            {
              "environment": {},
              "taskId": "94a74903-f93f-4075-884f-dc11f34058b4",
              "version": "3.*",
              "name": "Azure Deployment: Create Or Update Resource Group action on sync Pattern",
              "refName": "",
              "enabled": true,
              "alwaysRun": false,
              "continueOnError": false,
              "timeoutInMinutes": 0,
              "definitionType": "task",
              "overrideInputs": {},
              "condition": "succeeded()",
              "inputs": {
                "deploymentScope": "Resource Group",
                "ConnectedServiceName": "",
                "subscriptionName": "",
                "action": "Create Or Update Resource Group",
                "resourceGroupName": "$(ENV3)$(RESOURCEGROUP_LOGICAPPS)",
                "location": "$(LOCATION_LOGICAPPS)",
                "templateLocation": "Linked artifact",
                "csmFileLink": "",
                "csmParametersFileLink": "",
                "csmFile": "$(agent.builddirectory)/deploy/azuredeploy_logicapps.json",
                "csmParametersFile": "$(agent.builddirectory)/deploy/azuredeploy_logicapps.parameters.json",
                "overrideParameters": "-logicAppName $(ENV3)$(GET_LA_NAME) -logicAppLocation $(LOCATION_LOGICAPPS) -diagnosticSettings_resourceGroupName $(ENV3)$(RESOURCEGROUP_SHARED) -diagnosticSettings_workspaceName $(ENV3)$(LOGANALYTICS) -documentdb_1_Connection_DisplayName $(ENV3)$(COSMOSACC) -documentdb_1_databaseAccount $(ENV3)$(COSMOSACC) -documentdb_1_databaseName $(ENV3)$(COSMOSDB) -documentdb_1_containerName $(COSMOSCON) -documentdb_1_accessKey $(aissharedcosmosdb)",
                "deploymentMode": "Incremental",
                "deploymentName": "",
                "deploymentOutputs": "",
                "addSpnToEnvironment": "false"
              }
            },
            {
              "environment": {},
              "taskId": "72a1931b-effb-4d2e-8fd8-f8472a07cb62",
              "version": "5.*",
              "name": "Azure PowerShell script: Set Callback URL from Logic App",
              "refName": "",
              "enabled": true,
              "alwaysRun": false,
              "continueOnError": false,
              "timeoutInMinutes": 0,
              "definitionType": "task",
              "overrideInputs": {},
              "condition": "succeeded()",
              "inputs": {
                "ConnectedServiceNameARM": "",
                "ScriptType": "InlineScript",
                "ScriptPath": "",
                "Inline": "$rg = \"$env:ENV3\" + \"$env:RESOURCEGROUP_LOGICAPPS\"\n$la = \"$env:ENV3\"+\"$env:GET_LA_NAME\"\n$fullurl = Get-AzLogicAppTriggerCallbackUrl -ResourceGroupName $rg -Name $la -TriggerName \"manual\" | Select -First 1 -ExpandProperty Value\n$baseurl = Get-AzLogicAppTriggerCallbackUrl -ResourceGroupName $rg -Name $la -TriggerName \"manual\" | Select -First 1 -ExpandProperty BasePath\n$urlpath = Get-AzLogicAppTriggerCallbackUrl -ResourceGroupName $rg -Name $la -TriggerName \"manual\" | Select -First 1 -ExpandProperty Value\n$urlpath = $urlpath.Substring($fullurl.Length-$baseurl.Length-21,$baseurl.Length+21)\n$urlpath = [System.Security.SecurityElement]::Escape($urlpath)\n$urlpath = $urlpath -replace \"%2F\", \"/\"\n$baseurl = $baseurl -replace \"/manual/paths/invoke\", \"\"\nWrite-Host \"##vso[task.setvariable variable=GET_LA_URLPATH;]$urlpath\"\nWrite-Host \"##vso[task.setvariable variable=GET_LA_BASEURL;]$baseurl\"\nWrite-Host \"Logic App URL Path ($urlpath)\"\nWrite-Host \"Logic App Base URL ($baseurl)\"\nWrite-Host \"Logic App Full URL ($fullurl)\"",
                "ScriptArguments": "",
                "errorActionPreference": "stop",
                "FailOnStandardError": "false",
                "TargetAzurePs": "LatestVersion",
                "CustomTargetAzurePs": "",
                "pwsh": "false",
                "workingDirectory": ""
              }
            },
            {
              "environment": {},
              "taskId": "72a1931b-effb-4d2e-8fd8-f8472a07cb62",
              "version": "5.*",
              "name": "Azure PowerShell script: Check variable settings",
              "refName": "",
              "enabled": true,
              "alwaysRun": false,
              "continueOnError": false,
              "timeoutInMinutes": 0,
              "definitionType": "task",
              "overrideInputs": {},
              "condition": "succeeded()",
              "inputs": {
                "ConnectedServiceNameARM": "",
                "ScriptType": "InlineScript",
                "ScriptPath": "",
                "Inline": "Write-Host \"Set environment variable URLNAME to ($env:GET_LA_NAME)\"\nWrite-Host \"Set environment variable URLPATH to ($env:GET_LA_URLPATH)\"\nWrite-Host \"Set environment variable BASEURL to ($env:GET_LA_BASEURL)\"",
                "ScriptArguments": "",
                "errorActionPreference": "stop",
                "FailOnStandardError": "false",
                "TargetAzurePs": "LatestVersion",
                "CustomTargetAzurePs": "",
                "pwsh": "false",
                "workingDirectory": ""
              }
            },
            {
              "environment": {},
              "taskId": "94a74903-f93f-4075-884f-dc11f34058b4",
              "version": "3.*",
              "name": "Azure Deployment: Create Or Update Resource Group action on sync Pattern (APIM)",
              "refName": "",
              "enabled": true,
              "alwaysRun": false,
              "continueOnError": false,
              "timeoutInMinutes": 0,
              "definitionType": "task",
              "overrideInputs": {},
              "condition": "succeeded()",
              "inputs": {
                "deploymentScope": "Resource Group",
                "ConnectedServiceName": "",
                "subscriptionName": "",
                "action": "Create Or Update Resource Group",
                "resourceGroupName": "$(ENV3)$(RESOURCEGROUP_SHARED)",
                "location": "$(LOCATION_SHARED)",
                "templateLocation": "Linked artifact",
                "csmFileLink": "",
                "csmParametersFileLink": "",
                "csmFile": "$(agent.builddirectory)/deploy/azuredeploy_api.json",
                "csmParametersFile": "",
                "overrideParameters": "-ApimServiceName $(ENV3)$(APIM) -ApiName $(API_NAME) -ApiOperation $(API_OPERATION) -ApiPath $(API_PATH) -BackendServiceURLPath $(GET_LA_URLPATH) -BackendServiceBaseURL $(GET_LA_BASEURL) -logicAppName $(ENV3)$(GET_LA_NAME) -ApimResourceGroup $(ENV3)$(RESOURCEGROUP_SHARED) -ApplicationInsightsName $(ENV3)$(APPINSIGHTS)",
                "deploymentMode": "Incremental",
                "deploymentName": "",
                "deploymentOutputs": "",
                "addSpnToEnvironment": "false"
              }
            },
            {
              "environment": {},
              "taskId": "94a74903-f93f-4075-884f-dc11f34058b4",
              "version": "3.*",
              "name": "Azure Deployment: Create Or Update Resource Group action on httpbin API (APIM)",
              "refName": "",
              "enabled": true,
              "alwaysRun": false,
              "continueOnError": false,
              "timeoutInMinutes": 0,
              "definitionType": "task",
              "overrideInputs": {},
              "condition": "succeeded()",
              "inputs": {
                "deploymentScope": "Resource Group",
                "ConnectedServiceName": "",
                "subscriptionName": "",
                "action": "Create Or Update Resource Group",
                "resourceGroupName": "$(ENV3)$(RESOURCEGROUP_SHARED)",
                "location": "$(LOCATION_SHARED)",
                "templateLocation": "Linked artifact",
                "csmFileLink": "",
                "csmParametersFileLink": "",
                "csmFile": "$(agent.builddirectory)/deploy/azuredeploy_httpbin.api.json",
                "csmParametersFile": "",
                "overrideParameters": "-ApimServiceName $(ENV3)$(APIM) -ApimResourceGroup $(ENV3)$(RESOURCEGROUP_SHARED) -ApplicationInsightsName $(ENV3)$(APPINSIGHTS)",
                "deploymentMode": "Incremental",
                "deploymentName": "",
                "deploymentOutputs": "",
                "addSpnToEnvironment": "false"
              }
            }
          ]
        }
      ],
      "environmentOptions": {
        "emailNotificationType": "OnlyOnFailure",
        "emailRecipients": "release.environment.owner;release.creator",
        "skipArtifactsDownload": false,
        "timeoutInMinutes": 0,
        "enableAccessToken": false,
        "publishDeploymentStatus": true,
        "badgeEnabled": false,
        "autoLinkWorkItems": false,
        "pullRequestDeploymentEnabled": false
      },
      "demands": [],
      "conditions": [
        {
          "name": "Staging",
          "conditionType": "environmentState",
          "value": "4"
        }
      ],
      "executionPolicy": {
        "concurrencyCount": 1,
        "queueDepthCount": 0
      },
      "schedules": [],
      "currentRelease": {
        "id": 33,
        "url": "https://vsrm.dev.azure.com/pavander/ce119afa-4ebc-4acd-903e-4a3f4dc4223f/_apis/Release/releases/33",
        "_links": {}
      },
      "retentionPolicy": {
        "daysToKeep": 30,
        "releasesToKeep": 3,
        "retainBuild": true
      },
      "processParameters": {},
      "properties": {
        "BoardsEnvironmentType": {
          "$type": "System.String",
          "$value": "unmapped"
        },
        "LinkBoardsWorkItems": {
          "$type": "System.String",
          "$value": "False"
        }
      },
      "preDeploymentGates": {
        "id": 0,
        "gatesOptions": null,
        "gates": []
      },
      "postDeploymentGates": {
        "id": 0,
        "gatesOptions": null,
        "gates": []
      },
      "environmentTriggers": [],
      "badgeUrl": ""
    }
  ],
  "artifacts": [
    {
      "sourceId": "$ProjectId$:$Build Azure Integration Services shared resources-CI-id$",
      "type": "Build",
      "alias": "_Build Azure Integration Services shared resources-CI",
      "definitionReference": {
        "artifactSourceDefinitionUrl": "{}",
        "defaultVersionBranch": {
          "id": "",
          "name": ""
        },
        "defaultVersionSpecific": {
          "id": "",
          "name": ""
        },
        "defaultVersionTags": {
          "id": "",
          "name": ""
        },
        "defaultVersionType": {
          "id": "latestType",
          "name": "Latest"
        },
        "definition": {
          "id": "$Build Azure Integration Services shared resources-CI-id$",
          "name": "Build Azure Integration Services shared resources-CI"
        },
        "definitions": {
          "id": "",
          "name": ""
        },
        "IsMultiDefinitionType": {
          "id": "False",
          "name": "False"
        },
        "project": {
          "id": "$ProjectId$",
          "name": "$ProjectName$"
        },
        "repository": {
          "id": "",
          "name": ""
        }
      },
      "isPrimary": true,
      "isRetained": false
    }
  ],
  "triggers": [
    {
      "artifactAlias": "_Build Azure Integration Services shared resources-CI",
      "triggerConditions": [],
      "triggerType": "artifactSource"
    }
  ],
  "releaseNameFormat": "Release-$(rev:r)",
  "tags": [],
  "properties": {
    "DefinitionCreationSource": {
      "$type": "System.String",
      "$value": "ReleaseNew"
    },
    "IntegrateBoardsWorkItems": {
      "$type": "System.String",
      "$value": "False"
    },
    "IntegrateJiraWorkItems": {
      "$type": "System.String",
      "$value": "false"
    }
  },
  "id": "",
  "name": "Release AIS Synchronous pattern-CD",
  "path": "\\",
  "projectReference": null,
  "url": "",
  "_links": "{}"
}