{
  "Extensions": [
    {
      "extensionName": "Files and Folders View for Test Attachments",
      "link": "<a href='https://marketplace.visualstudio.com/items?itemName=asg-cloudtest.asg-cloudtest-attachments' target='_blank'><b>Files and Folders View for Test Attachments</b></a>",
      "publisherId": "asg-cloudtest",
      "extensionId": "asg-cloudtest-attachments",
      "publisherName": "CloudTest",
      "License": "<a href='https://marketplace.visualstudio.com/items?itemName=asg-cloudtest.asg-cloudtest-attachments' target='_blank'>License Terms</a>"
    },
    {
      "extensionName": "ARM Outputs",
      "link": "<a href='https://marketplace.visualstudio.com/items?itemName=keesschollaart.arm-outputs' target='_blank'><b>ARM Outputs</b></a>",
      "publisherId": "keesschollaart",
      "extensionId": "arm-outputs",
      "publisherName": "Kees Schollaart",
      "License": "<a href='https://marketplace.visualstudio.com/items?itemName=keesschollaart.arm-outputs' target='_blank'>License Terms</a>"
    },
    {
      "extensionName": "Product Catalog",
      "link": "<a href='https://marketplace.visualstudio.com/items?itemName=ms.product-catalog' target='_blank'><b>Product Catalog</b></a>",
      "publisherId": "ms",
      "extensionId": "product-catalog",
      "publisherName": "Microsoft",
      "License": "<a href='https://marketplace.visualstudio.com/items?itemName=ms.product-catalog' target='_blank'>License Terms</a>"
    },
    {
      "extensionName": "Component Governance Build Task",
      "link": "<a href='https://marketplace.visualstudio.com/items?itemName=ms.vss-governance-buildtask' target='_blank'><b>Component Governance Build Task</b></a>",
      "publisherId": "ms",
      "extensionId": "vss-governance-buildtask",
      "publisherName": "Microsoft",
      "License": "<a href='https://marketplace.visualstudio.com/items?itemName=ms.vss-governance-buildtask' target='_blank'>License Terms</a>"
    },
    {
      "extensionName": "Microsoft Component Policies",
      "link": "<a href='https://marketplace.visualstudio.com/items?itemName=ms-compliance.microsoft-component-policies' target='_blank'><b>Microsoft Component Policies</b></a>",
      "publisherId": "ms-compliance",
      "extensionId": "microsoft-component-policies",
      "publisherName": "Compliance Partners",
      "License": "<a href='https://marketplace.visualstudio.com/items?itemName=ms-compliance.microsoft-component-policies' target='_blank'>License Terms</a>"
    },
    {
      "extensionName": "Replace Tokens",
      "link": "<a href='https://marketplace.visualstudio.com/items?itemName=qetza.replacetokens' target='_blank'><b>Replace Tokens</b></a>",
      "publisherId": "qetza",
      "extensionId": "replacetokens",
      "publisherName": "Guillaume Rouchon",
      "License": "<a href='https://marketplace.visualstudio.com/items?itemName=qetza.replacetokens' target='_blank'>License Terms</a>"
    },
    {
      "extensionName": "API Management Suite",
      "link": "<a href='https://marketplace.visualstudio.com/items?itemName=stephane-eyskens.apim' target='_blank'><b>API Management Suite</b></a>",
      "publisherId": "stephane-eyskens",
      "extensionId": "apim",
      "publisherName": "Stephane Eyskens",
      "License": "<a href='https://marketplace.visualstudio.com/items?itemName=stephane-eyskens.apim' target='_blank'>License Terms</a>"
    },
    {
      "extensionName": "Component Governance",
      "link": "<a href='https://marketplace.visualstudio.com/items?itemName=ms.vss-governance-web' target='_blank'><b>Component Governance</b></a>",
      "publisherId": "ms",
      "extensionId": "vss-governance-web",
      "publisherName": "Microsoft",
      "License": "<a href='https://marketplace.visualstudio.com/items?itemName=ms.vss-governance-web' target='_blank'>License Terms</a>"
    }
  ]
}