{
  "count": 5,
  "value": [
    {
      "variables": {
        "aissharedcosmosdb": {
          "enabled": true,
          "contentType": "",
          "value": null,
          "isSecret": true
        }
      },
      "id": "11",
      "type": "AzureKeyVault",
      "name": "Key Vault Secrets Environment 2",
      "isShared": false
    },
    {
      "variables": {
        "aissharedcosmosdb": {
          "enabled": true,
          "contentType": "",
          "value": null,
          "isSecret": true
        }
      },
      "id": "10",
      "type": "AzureKeyVault",
      "name": "Key Vault Secrets Environment 1",
      "isShared": false
    },
    {
      "variables": {
        "ENV1": {
          "value": "dev"
        },
        "ENV2": {
          "value": "staging"
        },
        "ENV3": {
          "value": ""
        }
      },
      "id": "9",
      "type": "Vsts",
      "name": "Environments",
      "isShared": false
    },
    {
      "variables": {
        "aissharedcosmosdb": {
          "enabled": true,
          "contentType": "",
          "value": null,
          "isSecret": true
        }
      },
      "id": "8",
      "type": "AzureKeyVault",
      "name": "Key Vault Secrets Environment 3",
      "isShared": false
    },
    {
      "variables": {
        "APIM": {
          "value": "aisshared"
        },
        "APPINSIGHTS": {
          "value": "aisshared-ai"
        },
        "COSMOSACC": {
          "value": "aisshared-acc"
        },
        "COSMOSDB": {
          "value": "aisshared-db"
        },
        "KV": {
          "value": "aisshared-kv"
        },
        "KVCOSMOSDBLABEL": {
          "value": "aissharedcosmosdb"
        },
        "LOCATION_SHARED": {
          "value": "westeurope"
        },
        "LOGANALYTICS": {
          "value": "aisshared-ws"
        },
        "RESOURCEGROUP_SHARED": {
          "value": "aisshared-rg"
        }
      },
      "id": "7",
      "type": "Vsts",
      "name": "Shared Resources",
      "isShared": false
    }
  ]
}